raw_label,merged_into_category_id,merged_into_name
Enterprise Software & Cloud,enterprise_software,Enterprise Software
E-commerce Marketplaces,ecommerce,Online Shopping Platforms
Payment Card Networks,payment_networks,Credit Card Networks
Video Game Publishers,video_games,Video Game Companies
IT Services & Consulting,it_services,IT Services
Hypermarkets,supermarkets,Supermarket Chains
Mobile Network Operators,mobile_carriers,Mobile Carriers
Warehouse Clubs,supermarkets,Supermarket Chains
Professional Networking,social_media,Social Media Platforms
Express Delivery,express_delivery,Express Delivery Services
Investment Banks,banks,Banks
Retail Banks,banks,Banks
Ride-Hailing,ride_hailing,Ride-Hailing Apps
Laptops & PCs,laptops,Laptops
Car Brands,cars,Cars
Insurance,insurance,Insurance Companies
Online Payment Processing,digital_payments,Digital Payment Services
Fast Casual Restaurants,fast_food,Fast Food Chains
Furniture Retailers,furniture,Furniture Stores
Discount Supermarkets,supermarkets,Supermarket Chains
AI Speech Technology,it_services,IT Services
Tea Drink & Ice Cream Chains,bubble_tea,Bubble Tea Chains
Hot Pot Restaurants,hot_pot,Hot Pot Restaurant Chains
New-Retail Supermarkets,supermarkets,Supermarket Chains
Online Video Community,video_streaming,Video Streaming Services
Tea Drink Chains,bubble_tea,Bubble Tea Chains
Processed Meat,processed_meat,Processed Meat Products
Display Panels,semiconductors,Semiconductors
Online Job Platforms,job_platforms,Job Search Platforms
Sugar-free Soft Drinks,soft_drinks,Soft Drinks
