category_id,r1_name,final_name,n_brands,n_world,n_china,n_added_post_validation,r1_pre,r1_with,r2_pre,r2_with,final_result,holdout_pre,holdout_with,qwen_pre,qwen_with
smartphones,Smartphones,Smartphones,14,5,9,3,0.7,1.0,,,Pass,0.6,0.8,0.7,0.9
search_engines,Search Engines,Search Engines,12,9,3,0,1.0,1.0,,,Pass,0.9,0.9,0.9,0.9
social_media,Social Media Platforms,Social Media Platforms,17,10,7,0,0.9,0.9,,,Pass,1.0,1.0,0.8,0.8
short_video,Short Video Apps,Short Video Apps,15,10,5,2,0.7,0.9,,,Pass,0.8,0.9,0.9,1.0
video_streaming,Video Streaming Services,Video Streaming Services,16,11,5,0,1.0,1.0,,,Pass,1.0,1.0,0.9,0.9
music_streaming,Music Streaming Services,Music Streaming Services,14,11,3,4,0.6,1.0,,,Pass,0.6,1.0,0.6,0.9
ecommerce,Online Shopping Platforms,Online Shopping Platforms,16,9,7,5,0.4,0.9,,,Pass,0.7,0.8,0.0,0.0
fast_food,Fast Food Chains,Fast Food Chains,18,18,0,3,0.7,1.0,,,Pass,0.9,1.0,0.8,0.9
coffee_chains,Coffee Chains,Coffee Chains,17,15,2,3,0.7,1.0,,,Pass,0.6,0.9,0.6,0.7
bubble_tea,Bubble Tea Chains,Bubble Tea Chains,18,11,7,2,0.7,0.9,,,Pass,0.8,0.9,0.7,0.7
hot_pot,Hot Pot Restaurant Chains,Hot Pot Restaurant Chains,13,0,13,3,0.7,1.0,,,Pass,0.6,0.7,0.4,0.5
soft_drinks,Soft Drinks,Soft Drinks,14,13,1,3,0.7,1.0,,,Pass,0.7,0.9,0.6,0.9
bottled_water,Bottled Water,Bottled Water,20,17,3,3,0.5,0.8,,,Pass,0.7,0.9,0.5,0.7
dairy,Dairy Products,Dairy Products,15,13,2,2,0.7,0.9,,,Pass,0.0,0.2,0.1,0.3
baijiu,Baijiu,Baijiu,17,0,17,0,0.9,0.9,,,Pass,0.9,0.9,0.9,0.9
beer,Beer,Beer,23,17,6,9,0.1,1.0,,,Pass,0.2,0.6,0.1,0.6
energy_drinks,Energy Drinks,Energy Drinks,18,16,2,3,0.5,0.8,,,Pass,0.4,0.7,0.3,0.5
soy_sauce,Soy Sauce,Soy Sauce,17,12,5,4,0.6,1.0,,,Pass,0.1,0.2,0.5,0.9
processed_meat,Processed Meat Products,Processed Meat Products,16,14,2,4,0.6,1.0,,,Pass,0.2,0.3,0.4,0.6
banks,Banks,Banks,29,19,10,0,1.0,1.0,,,Pass,1.0,1.0,0.4,0.4
payment_networks,Credit Card Networks,Payment Card Networks,11,10,1,0,0.4,0.4,0.9,0.9,Pass,0.9,0.9,0.9,0.9
digital_payments,Digital Payment Services,Digital Payment Services,12,10,2,0,0.9,0.9,,,Pass,0.9,0.9,0.6,0.6
insurance,Insurance Companies,Insurance Companies,21,15,6,0,0.8,0.8,,,Pass,0.7,0.7,0.4,0.4
health_insurance,Health Insurance,Health Insurance,11,11,0,0,0.8,0.8,,,Pass,0.8,0.8,0.8,0.8
mobile_carriers,Mobile Carriers,Mobile Carriers,21,18,3,0,1.0,1.0,,,Pass,0.9,0.9,0.3,0.3
isps,Internet Service Providers,Internet Service Providers,12,12,0,0,0.8,0.8,,,Pass,0.9,0.9,1.0,1.0
airlines,Airlines,Airlines,24,19,5,0,0.9,0.9,,,Pass,1.0,1.0,0.9,0.9
express_delivery,Express Delivery Services,Express Delivery Services,17,10,7,2,0.8,1.0,,,Pass,0.6,0.7,0.7,0.9
food_delivery,Food Delivery Platforms,Food Delivery Platforms,14,12,2,0,0.8,0.8,,,Pass,0.9,0.9,0.8,0.8
ride_hailing,Ride-Hailing Apps,Ride-Hailing Apps,10,9,1,0,0.9,0.9,,,Pass,0.9,0.9,0.8,0.8
online_travel,Online Travel Agencies,Online Travel Agencies,17,13,4,3,0.7,1.0,,,Pass,0.8,0.9,0.7,0.7
hotel_chains,Hotel Chains,Hotel Chains,22,19,3,3,0.7,1.0,,,Pass,0.5,0.5,0.4,0.4
restaurant_reviews,Restaurant Review Platforms,Restaurant Review Platforms,12,11,1,0,0.9,0.9,,,Pass,1.0,1.0,0.8,0.8
real_estate_agencies,Real Estate Agencies,Real Estate Agencies,15,13,2,2,0.8,1.0,,,Pass,0.8,0.9,0.7,0.8
property_developers,Real Estate Developers,Chinese Real Estate Developers,12,0,12,1,0.0,0.0,0.8,0.9,Pass,0.7,0.8,0.6,0.7
electric_vehicles,Electric Vehicles,Electric Vehicles,19,11,8,0,1.0,1.0,,,Pass,0.9,0.9,0.9,0.9
cars,Cars,Cars,16,14,2,0,0.9,0.9,,,Pass,0.8,0.8,0.7,0.7
luxury_fashion,Luxury Fashion,Luxury Fashion,17,17,0,3,0.7,1.0,,,Pass,0.7,1.0,0.6,0.7
sportswear,Sportswear,Sportswear,14,12,2,4,0.6,1.0,,,Pass,0.7,0.8,0.6,0.8
fast_fashion,Fast Fashion,Fast Fashion,13,12,1,0,0.9,0.9,,,Pass,1.0,1.0,0.8,0.8
cosmetics,Cosmetics,Cosmetics,18,17,1,0,0.9,0.9,,,Pass,0.5,0.5,0.6,0.6
jewelry,Jewelry,Jewelry,19,12,7,6,0.4,1.0,,,Pass,0.4,1.0,0.4,0.8
home_appliances,Home Appliances,Home Appliances,19,15,4,4,0.6,1.0,,,Pass,0.5,0.8,0.6,0.7
air_conditioners,Air Conditioners,Air Conditioners,13,10,3,2,0.7,0.9,,,Pass,0.6,0.7,0.7,0.8
televisions,TVs,TVs,10,7,3,0,0.8,0.8,,,Pass,0.9,0.9,0.8,0.8
laptops,Laptops,Laptops,11,9,2,0,0.8,0.8,,,Pass,0.9,0.9,0.9,0.9
drones,Drones,Drones,12,3,9,0,0.8,0.8,,,Pass,0.5,0.5,0.7,0.7
game_consoles,Video Game Consoles,Video Game Consoles,16,14,2,4,0.6,1.0,,,Pass,0.6,1.0,0.6,0.8
consumer_electronics,Consumer Electronics,Consumer Electronics,15,13,2,4,0.6,1.0,,,Pass,0.7,0.8,0.5,0.7
ai_chatbots,AI Chatbots,AI Chatbot Apps,15,11,4,2,0.8,0.9,0.8,1.0,Pass,0.8,0.9,0.3,0.5
supermarkets,Supermarket Chains,Supermarket Chains,16,15,1,2,0.7,0.9,,,Pass,0.7,0.7,0.6,0.7
home_improvement,Home Improvement Stores,Home Improvement Retail Chains,15,15,0,2,0.5,0.5,0.8,1.0,Pass,0.9,1.0,0.7,0.7
furniture,Furniture Stores,Furniture Stores,13,13,0,3,0.5,0.8,,,Pass,0.7,1.0,0.6,0.8
tcm,Traditional Chinese Medicine,Traditional Chinese Medicine,12,1,11,2,0.6,0.8,,,Pass,0.5,0.6,0.2,0.2
online_healthcare,Online Healthcare Platforms,Online Healthcare Platforms,18,13,5,5,0.3,0.8,,,Pass,0.5,0.6,0.4,0.6
job_platforms,Job Search Platforms,Job Search Platforms,15,9,6,0,0.8,0.8,,,Pass,0.8,0.8,0.9,0.9
news_apps,News Apps,News Apps,17,14,3,3,0.7,1.0,,,Pass,0.8,0.9,0.4,0.6
video_games,Video Game Companies,Video Game Companies,24,21,3,5,0.5,1.0,,,Pass,0.3,0.8,0.9,1.0
movie_studios,Movie Studios,Movie Studios,16,16,0,0,0.8,0.8,,,Pass,0.8,0.8,0.9,0.9
cigarettes,Cigarettes,Cigarette Brands,14,14,0,4,0.0,0.0,0.6,1.0,Pass,0.0,0.0,0.6,0.9
